{"cameraMode":{"drawMode":0,"name":"Shaded","section":"Shading Mode"},"sceneLighting":false,"audioPlay":false,"sceneViewState":{"showFog":false,"showMaterialUpdate":false,"showSkybox":false,"showFlares":false,"showImageEffects":false,"showParticleSystems":false},"in2DMode":false,"pivot":{"x":3.060359001159668,"y":1.2466084957122803,"z":-32.854774475097659},"rotation":{"x":0.2102089375257492,"y":0.5517921447753906,"z":-0.14613783359527589,"w":0.7937136888504028},"size":3.726969003677368,"orthographic":true}