{"cameraMode":{"drawMode":0,"name":"Shaded","section":"Shading Mode"},"sceneLighting":true,"audioPlay":false,"sceneViewState":{"showFog":false,"showMaterialUpdate":false,"showSkybox":false,"showFlares":false,"showImageEffects":false,"showParticleSystems":false},"in2DMode":false,"pivot":{"x":-0.06135988235473633,"y":2.6082754135131838,"z":-1.5968550443649293},"rotation":{"x":-0.007920701056718827,"y":-0.9619101881980896,"z":0.2718159556388855,"w":-0.0279677826911211},"size":20.310382843017579,"orthographic":false}