{"cameraMode":{"drawMode":0,"name":"Shaded","section":"Shading Mode"},"sceneLighting":true,"audioPlay":false,"sceneViewState":{"showFog":true,"showMaterialUpdate":true,"showSkybox":false,"showFlares":true,"showImageEffects":false,"showParticleSystems":true},"in2DMode":false,"pivot":{"x":-7.165270805358887,"y":1.431649088859558,"z":7.403545379638672},"rotation":{"x":0.06728365272283554,"y":0.660535991191864,"z":-0.059588950127363208,"w":0.7453953623771668},"size":5.101043701171875,"orthographic":false}