{"cameraMode":{"drawMode":0,"name":"Shaded","section":"Shading Mode"},"sceneLighting":false,"audioPlay":false,"sceneViewState":{"showFog":false,"showMaterialUpdate":false,"showSkybox":false,"showFlares":false,"showImageEffects":false,"showParticleSystems":false},"in2DMode":false,"pivot":{"x":-15.770000457763672,"y":1.398491621017456,"z":5.597000598907471},"rotation":{"x":0.20115305483341218,"y":0.7158064842224121,"z":-0.22921405732631684,"w":0.6281875371932983},"size":5.787430763244629,"orthographic":false}