{"cameraMode":{"drawMode":0,"name":"Shaded","section":"Shading Mode"},"sceneLighting":true,"audioPlay":false,"sceneViewState":{"showFog":true,"showMaterialUpdate":true,"showSkybox":false,"showFlares":true,"showImageEffects":false,"showParticleSystems":true},"in2DMode":false,"pivot":{"x":-20.091238021850587,"y":0.5459814071655273,"z":-21.121456146240236},"rotation":{"x":0.5605036020278931,"y":-0.2578265964984894,"z":0.18917258083820344,"w":0.763920783996582},"size":57.44053268432617,"orthographic":false}