{"cameraMode":{"drawMode":0,"name":"Shaded","section":"Shading Mode"},"sceneLighting":true,"audioPlay":false,"sceneViewState":{"showFog":true,"showMaterialUpdate":true,"showSkybox":false,"showFlares":true,"showImageEffects":false,"showParticleSystems":true},"in2DMode":false,"pivot":{"x":-6.528278350830078,"y":-8.993934631347657,"z":20.604862213134767},"rotation":{"x":0.5554582476615906,"y":-0.06544983386993408,"z":0.04391143098473549,"w":0.8278009295463562},"size":29.881174087524415,"orthographic":false}