{"cameraMode":{"drawMode":0,"name":"Shaded","section":"Shading Mode"},"sceneLighting":true,"audioPlay":false,"sceneViewState":{"showFog":true,"showMaterialUpdate":true,"showSkybox":false,"showFlares":true,"showImageEffects":false,"showParticleSystems":true},"in2DMode":false,"pivot":{"x":-5.49027156829834,"y":-5.645986557006836,"z":-6.913880348205566},"rotation":{"x":-0.1118307039141655,"y":0.8863084316253662,"z":-0.3467279076576233,"w":-0.28588634729385378},"size":28.922958374023439,"orthographic":false}