{"cameraMode":{"drawMode":0,"name":"Shaded","section":"Shading Mode"},"sceneLighting":true,"audioPlay":false,"sceneViewState":{"showFog":true,"showMaterialUpdate":true,"showSkybox":false,"showFlares":true,"showImageEffects":false,"showParticleSystems":true},"in2DMode":false,"pivot":{"x":-15.697003364562989,"y":-2.6739604473114015,"z":11.31922435760498},"rotation":{"x":-0.20735850930213929,"y":0.15248829126358033,"z":-0.0327373743057251,"w":-0.9657526016235352},"size":13.595272064208985,"orthographic":false}