{"cameraMode":{"drawMode":0,"name":"Shaded","section":"Shading Mode"},"sceneLighting":true,"audioPlay":false,"sceneViewState":{"showFog":true,"showMaterialUpdate":true,"showSkybox":false,"showFlares":true,"showImageEffects":false,"showParticleSystems":true},"in2DMode":false,"pivot":{"x":-4.319700241088867,"y":1.5167741775512696,"z":10.167341232299805},"rotation":{"x":0.45748648047447207,"y":0.03199990838766098,"z":-0.016474539414048196,"w":0.8884879350662231},"size":16.09972381591797,"orthographic":false}