{"cameraMode":{"drawMode":0,"name":"Shaded","section":"Shading Mode"},"sceneLighting":true,"audioPlay":false,"sceneViewState":{"showFog":true,"showMaterialUpdate":true,"showSkybox":false,"showFlares":true,"showImageEffects":false,"showParticleSystems":true},"in2DMode":false,"pivot":{"x":-4.703386306762695,"y":2.755950927734375,"z":13.664952278137207},"rotation":{"x":0.5541509985923767,"y":-0.06676116585731507,"z":0.04463865980505943,"w":0.8285331130027771},"size":19.195085525512697,"orthographic":false}