{"cameraMode":{"drawMode":0,"name":"Shaded","section":"Shading Mode"},"sceneLighting":true,"audioPlay":false,"sceneViewState":{"showFog":true,"showMaterialUpdate":true,"showSkybox":false,"showFlares":true,"showImageEffects":false,"showParticleSystems":true},"in2DMode":false,"pivot":{"x":2.324110746383667,"y":2.759899139404297,"z":-1.4141292572021485},"rotation":{"x":0.42275217175483706,"y":0.5030802488327026,"z":-0.3094032108783722,"w":0.6873577237129211},"size":13.279008865356446,"orthographic":false}