{"cameraMode":{"drawMode":0,"name":"Shaded","section":"Shading Mode"},"sceneLighting":false,"audioPlay":false,"sceneViewState":{"showFog":false,"showMaterialUpdate":false,"showSkybox":false,"showFlares":false,"showImageEffects":false,"showParticleSystems":false},"in2DMode":false,"pivot":{"x":-2.434000015258789,"y":0.9573957920074463,"z":9.402999877929688},"rotation":{"x":0.46408236026763918,"y":0.24683809280395509,"z":-0.1364232301712036,"w":0.8396947383880615},"size":1.4708096981048585,"orthographic":true}