{"cameraMode":{"drawMode":0,"name":"Shaded","section":"Shading Mode"},"sceneLighting":false,"audioPlay":false,"sceneViewState":{"showFog":false,"showMaterialUpdate":false,"showSkybox":false,"showFlares":false,"showImageEffects":false,"showParticleSystems":false},"in2DMode":false,"pivot":{"x":-2.9696044921875,"y":1.3554306030273438,"z":-3.4373779296875},"rotation":{"x":0.13529986143112184,"y":0.4856061339378357,"z":-0.07637535780668259,"w":0.8602601289749146},"size":5.652962684631348,"orthographic":true}