{"cameraMode":{"drawMode":0,"name":"Shaded","section":"Shading Mode"},"sceneLighting":false,"audioPlay":false,"sceneViewState":{"showFog":false,"showMaterialUpdate":false,"showSkybox":false,"showFlares":false,"showImageEffects":false,"showParticleSystems":false},"in2DMode":false,"pivot":{"x":-4.905744552612305,"y":-3.3828125,"z":-50.94886779785156},"rotation":{"x":0.7040660381317139,"y":-0.03616132587194443,"z":0.03593049570918083,"w":0.7083024382591248},"size":18.358173370361329,"orthographic":true}