{"cameraMode":{"drawMode":0,"name":"Shaded","section":"Shading Mode"},"sceneLighting":true,"audioPlay":false,"sceneViewState":{"showFog":true,"showMaterialUpdate":true,"showSkybox":false,"showFlares":true,"showImageEffects":false,"showParticleSystems":true},"in2DMode":false,"pivot":{"x":-11.182258605957032,"y":4.514401435852051,"z":6.185000896453857},"rotation":{"x":-0.47337889671325686,"y":-0.431987464427948,"z":0.28723442554473879,"w":-0.7118958234786987},"size":15.834855079650879,"orthographic":false}