{"cameraMode":{"drawMode":0,"name":"Shaded","section":"Shading Mode"},"sceneLighting":false,"audioPlay":false,"sceneViewState":{"showFog":false,"showMaterialUpdate":false,"showSkybox":false,"showFlares":false,"showImageEffects":false,"showParticleSystems":false},"in2DMode":false,"pivot":{"x":-8.183286666870118,"y":2.7421875,"z":-19.325450897216798},"rotation":{"x":0.37238794565200808,"y":0.4179733991622925,"z":-0.1931595504283905,"w":0.8058008551597595},"size":74.71359252929688,"orthographic":true}