{"cameraMode":{"drawMode":0,"name":"Shaded","section":"Shading Mode"},"sceneLighting":true,"audioPlay":false,"sceneViewState":{"showFog":true,"showMaterialUpdate":true,"showSkybox":false,"showFlares":true,"showImageEffects":false,"showParticleSystems":true},"in2DMode":false,"pivot":{"x":-8.40007495880127,"y":1.488293170928955,"z":9.671768188476563},"rotation":{"x":0.31265217065811159,"y":0.5886205434799194,"z":-0.263886958360672,"w":0.6972361207008362},"size":10.987466812133789,"orthographic":false}