{"cameraMode":{"drawMode":0,"name":"Shaded","section":"Shading Mode"},"sceneLighting":true,"audioPlay":false,"sceneViewState":{"showFog":true,"showMaterialUpdate":true,"showSkybox":false,"showFlares":true,"showImageEffects":false,"showParticleSystems":true},"in2DMode":false,"pivot":{"x":-0.4010084867477417,"y":-4.260275840759277,"z":9.131656646728516},"rotation":{"x":0.5676843523979187,"y":0.10113414376974106,"z":-0.07051549851894379,"w":0.813961923122406},"size":12.793689727783204,"orthographic":false}