{"cameraMode":{"drawMode":0,"name":"Shaded","section":"Shading Mode"},"sceneLighting":false,"audioPlay":false,"sceneViewState":{"showFog":true,"showMaterialUpdate":true,"showSkybox":false,"showFlares":true,"showImageEffects":false,"showParticleSystems":true},"in2DMode":false,"pivot":{"x":-12.982535362243653,"y":5.632705211639404,"z":5.503630638122559},"rotation":{"x":0.014783737249672413,"y":0.9817414283752441,"z":-0.0856221467256546,"w":0.16921573877334596},"size":15.050759315490723,"orthographic":false}