{"cameraMode":{"drawMode":0,"name":"Shaded","section":"Shading Mode"},"sceneLighting":true,"audioPlay":false,"sceneViewState":{"showFog":true,"showMaterialUpdate":true,"showSkybox":false,"showFlares":true,"showImageEffects":false,"showParticleSystems":true},"in2DMode":false,"pivot":{"x":-9.379694938659668,"y":-2.205256223678589,"z":8.307502746582032},"rotation":{"x":0.3365204632282257,"y":-0.42817825078964236,"z":0.17571182548999787,"w":0.8200870156288147},"size":21.5047550201416,"orthographic":false}