{"cameraMode":{"drawMode":0,"name":"Shaded","section":"Shading Mode"},"sceneLighting":true,"audioPlay":false,"sceneViewState":{"showFog":true,"showMaterialUpdate":true,"showSkybox":false,"showFlares":true,"showImageEffects":false,"showParticleSystems":true},"in2DMode":false,"pivot":{"x":5.465205192565918,"y":-2.7217636108398439,"z":5.812421798706055},"rotation":{"x":0.4027291536331177,"y":0.43033355474472048,"z":-0.22320739924907685,"w":0.7764024138450623},"size":42.54348373413086,"orthographic":false}