{"cameraMode":{"drawMode":0,"name":"Shaded","section":"Shading Mode"},"sceneLighting":true,"audioPlay":false,"sceneViewState":{"showFog":true,"showMaterialUpdate":true,"showSkybox":false,"showFlares":true,"showImageEffects":false,"showParticleSystems":true},"in2DMode":false,"pivot":{"x":134.76271057128907,"y":-96.6476058959961,"z":27.379825592041017},"rotation":{"x":0.24837954342365266,"y":0.58516526222229,"z":-0.19457052648067475,"w":0.7470151782035828},"size":190.60443115234376,"orthographic":false}