{"cameraMode":{"drawMode":0,"name":"Shaded","section":"Shading Mode"},"sceneLighting":true,"audioPlay":false,"sceneViewState":{"showFog":true,"showMaterialUpdate":true,"showSkybox":false,"showFlares":true,"showImageEffects":false,"showParticleSystems":true},"in2DMode":false,"pivot":{"x":8.754800796508789,"y":4.013027191162109,"z":7.173084259033203},"rotation":{"x":0.5308754444122315,"y":-0.07172891497612,"z":0.04517259821295738,"w":0.8431997299194336},"size":18.38056182861328,"orthographic":false}