{"cameraMode":{"drawMode":0,"name":"Shaded","section":"Shading Mode"},"sceneLighting":true,"audioPlay":false,"sceneViewState":{"showFog":true,"showMaterialUpdate":true,"showSkybox":false,"showFlares":true,"showImageEffects":false,"showParticleSystems":true},"in2DMode":false,"pivot":{"x":3.851418972015381,"y":4.350383758544922,"z":-9.285304069519043},"rotation":{"x":0.2449081987142563,"y":0.28839460015296938,"z":-0.07656484097242356,"w":0.9224892258644104},"size":8.821681022644043,"orthographic":false}